{"cameraMode":{"drawMode":0,"name":"Shaded","section":"Shading Mode"},"sceneLighting":false,"audioPlay":false,"sceneViewState":{"showFog":true,"showMaterialUpdate":true,"showSkybox":false,"showFlares":true,"showImageEffects":true,"showParticleSystems":true},"in2DMode":false,"pivot":{"x":-0.13685616850852967,"y":-0.42113879323005679,"z":-0.12708190083503724},"rotation":{"x":-0.172763392329216,"y":0.08616025745868683,"z":-0.015174814499914647,"w":-0.9810746312141419},"size":1.0495539903640748,"orthographic":false}