{"cameraMode":{"drawMode":0,"name":"Shaded","section":"Shading Mode"},"sceneLighting":false,"audioPlay":false,"sceneViewState":{"showFog":true,"showMaterialUpdate":true,"showSkybox":false,"showFlares":true,"showImageEffects":true,"showParticleSystems":true},"in2DMode":false,"pivot":{"x":-0.1344505101442337,"y":-0.38405701518058779,"z":0.025583982467651368},"rotation":{"x":-0.0528741180896759,"y":-0.9446789622306824,"z":0.19131161272525788,"w":-0.2611539661884308},"size":3.985931634902954,"orthographic":false}